ID,Match_Id,Team_1,Team_2,Match_Date,Season_Id,Venue_Id,Toss_Winner,Toss_Decide,Win_Type,Win_Margin,Outcome_type,Match_Winner,Man_of_the_Match
1,335987,2,1,18/04/08,1,1,2,1,1,140,1,1,2
2,335988,4,3,19/04/08,1,2,3,2,1,33,1,3,19
3,335989,6,5,19/04/08,1,3,5,2,2,9,1,6,90
4,335990,7,2,20/04/08,1,4,7,2,2,5,1,2,11
5,335991,1,8,20/04/08,1,5,8,2,2,5,1,1,4
6,335992,5,4,21/04/08,1,6,4,2,2,6,1,5,32
7,335993,8,6,22/04/08,1,7,8,2,2,9,1,6,41
8,335994,3,7,23/04/08,1,8,7,1,1,6,1,3,18
9,335995,8,5,24/04/08,1,7,5,1,2,3,1,5,31
10,335996,4,7,25/04/08,1,2,7,1,1,66,1,4,26
11,335997,2,5,26/04/08,1,1,5,1,2,7,1,5,32
12,335998,3,1,26/04/08,1,8,1,2,2,9,1,3,22
13,335999,7,8,27/04/08,1,9,8,1,2,10,1,8,53
14,336000,4,6,27/04/08,1,2,6,2,2,4,1,4,28
15,336001,2,3,28/04/08,1,1,3,2,1,13,1,3,20
16,336002,1,7,29/04/08,1,5,1,2,2,7,1,7,44
17,336003,6,2,30/04/08,1,3,2,1,1,10,1,6,118
18,336004,8,4,01/05/08,1,7,4,1,2,7,1,4,100
19,336005,5,1,01/05/08,1,6,5,2,1,45,1,5,101
20,336006,3,6,02/05/08,1,8,3,2,2,8,1,6,41
21,336007,8,2,25/05/08,1,7,8,2,2,5,1,2,81
22,336008,4,1,03/05/08,1,2,4,2,1,9,1,4,29
23,336009,7,6,04/05/08,1,9,6,1,1,29,1,7,49
24,336010,5,3,04/05/08,1,6,3,2,2,8,1,5,102
25,336011,2,4,05/05/08,1,1,4,1,2,6,1,4,77
26,336012,3,8,06/05/08,1,8,8,1,2,7,1,8,53
27,336013,7,5,07/05/08,1,9,7,1,2,7,1,7,73
28,336014,6,3,08/05/08,1,3,3,1,2,4,1,3,20
29,336015,1,2,08/05/08,1,5,1,2,1,5,1,1,1
30,336016,5,8,09/05/08,1,6,5,1,2,8,1,5,31
31,336017,2,7,28/05/08,1,1,7,1,2,9,1,7,149
32,336018,3,4,10/05/08,1,8,4,1,1,18,1,3,151
33,336019,8,1,11/05/08,1,7,1,2,1,23,1,1,1
34,336020,5,6,11/05/08,1,6,5,1,2,3,1,5,32
35,336021,4,2,12/05/08,1,2,2,2,2,9,1,4,100
36,336022,1,6,13/05/08,1,5,1,2,1,23,1,1,144
37,336023,7,3,14/05/08,1,4,7,1,2,9,1,7,44
38,336024,4,5,28/05/08,1,2,5,1,1,41,1,4,100
39,336025,6,8,15/05/08,1,3,8,1,1,12,1,6,136
40,336026,7,1,16/05/08,1,4,7,1,2,8,1,7,49
41,336027,6,4,17/05/08,1,3,6,2,1,6,1,4,64
42,336028,5,2,17/05/08,1,6,2,1,1,65,1,5,74
43,336029,8,7,18/05/08,1,7,8,1,1,25,1,7,71
44,336030,1,3,18/05/08,1,5,1,2,1,3,1,3,122
45,336031,2,6,19/05/08,1,1,6,1,2,5,1,6,132
46,336032,1,5,20/05/08,1,5,5,1,2,6,1,5,31
47,336033,7,4,21/05/08,1,4,7,1,1,1,1,4,100
48,336034,3,2,21/05/08,1,8,2,2,1,14,1,2,124
49,336036,4,8,23/05/08,1,2,4,1,2,6,1,4,100
50,336037,6,7,24/05/08,1,3,6,1,2,5,1,6,88
51,336038,3,5,24/05/08,1,8,5,2,1,10,1,5,109
52,336039,2,8,03/05/08,1,1,8,1,1,3,1,2,14
53,336040,1,4,25/05/08,1,5,4,2,2,3,1,1,105
54,336041,5,7,26/05/08,1,6,5,1,2,5,1,5,102
55,336042,8,3,27/05/08,1,7,8,2,2,7,1,3,21
56,336043,6,5,30/05/08,1,4,6,1,1,105,1,5,32
57,336044,3,4,31/05/08,1,4,4,2,2,9,1,3,122
58,336045,3,5,01/06/08,1,9,5,1,2,3,1,5,31
59,392186,3,7,18/04/09,2,10,3,1,1,19,1,7,133
60,392187,2,5,18/04/09,2,10,2,2,1,75,1,2,6
61,392188,6,4,19/04/09,2,10,6,1,2,10,1,6,175
62,392189,8,1,19/04/09,2,10,1,2,2,8,1,8,61
63,392190,2,3,20/04/09,2,11,3,2,1,92,1,3,121
64,392191,4,1,21/04/09,2,12,1,1,1,11,1,1,162
65,392193,2,8,22/04/09,2,10,8,2,1,24,1,8,53
66,392194,3,6,23/04/09,2,12,6,2,1,9,1,6,110
67,392195,1,5,23/04/09,2,10,1,1,4,,3,5,31
68,392196,2,4,24/04/09,2,12,2,2,2,7,1,4,161
69,392197,8,7,25/04/09,2,12,8,2,1,12,1,8,131
70,392199,2,6,26/04/09,2,11,2,2,2,6,1,6,135
71,392200,4,5,26/04/09,2,10,4,2,1,27,1,4,26
72,392201,3,8,27/04/09,2,12,8,1,2,6,1,8,97
73,392202,1,7,27/04/09,2,11,7,2,1,92,1,7,133
74,392203,6,5,28/04/09,2,13,6,2,2,5,1,5,31
75,392204,2,1,29/04/09,2,12,1,2,2,5,1,2,11
76,392205,4,7,29/04/09,2,12,4,2,1,3,1,4,26
77,392206,8,6,30/04/09,2,13,6,1,2,6,1,6,223
78,392207,3,5,30/04/09,2,13,5,1,1,38,1,3,21
79,392208,1,7,01/05/09,2,14,7,2,1,9,1,7,154
80,392209,2,4,01/05/09,2,12,2,2,1,8,1,2,27
81,392210,8,5,02/05/09,2,11,8,2,2,3,1,5,31
82,392211,3,6,02/05/09,2,15,6,1,1,18,1,3,186
83,392212,4,1,03/05/09,2,11,1,2,2,6,1,4,64
84,392213,2,7,03/05/09,2,15,7,2,2,9,1,2,9
85,392214,3,8,04/05/09,2,14,3,2,1,78,1,3,20
86,392215,4,5,05/05/09,2,12,4,1,1,78,1,5,74
87,392216,6,1,05/05/09,2,12,1,2,2,9,1,6,40
88,392217,8,7,06/05/09,2,13,8,2,1,19,1,8,57
89,392218,2,5,07/05/09,2,13,5,1,2,7,1,5,196
90,392219,3,4,07/05/09,2,13,3,2,1,12,1,3,18
91,392220,6,7,08/05/09,2,14,7,2,2,7,1,6,73
92,392221,8,4,09/05/09,2,16,4,1,2,3,1,4,64
93,392222,3,5,09/05/09,2,16,5,2,2,7,1,3,23
94,392223,2,7,10/05/09,2,11,7,2,1,16,1,7,154
95,392224,6,1,10/05/09,2,15,6,1,2,7,1,6,136
96,392225,8,5,11/05/09,2,16,8,2,1,53,1,8,147
97,392226,2,1,12/05/09,2,13,2,1,2,6,1,2,52
98,392227,4,7,12/05/09,2,13,4,2,2,8,1,7,50
99,392228,8,6,13/05/09,2,12,8,1,1,12,1,6,89
100,392229,2,3,14/05/09,2,12,3,2,2,2,1,2,52
101,392230,7,5,14/05/09,2,12,5,2,1,2,1,5,38
102,392231,6,4,15/05/09,2,17,4,1,2,6,1,4,66
103,392232,3,7,16/05/09,2,11,7,2,2,7,1,3,18
104,392233,8,1,16/05/09,2,15,8,1,2,6,1,8,57
105,392234,8,4,17/05/09,2,15,8,1,1,1,1,4,27
106,392235,6,5,17/05/09,2,17,6,2,1,14,1,6,110
107,392236,3,1,18/05/09,2,13,3,2,2,7,1,1,104
108,392237,2,6,19/05/09,2,15,6,2,2,7,1,2,9
109,392238,1,5,20/05/09,2,12,1,1,2,4,1,1,63
110,392239,3,4,20/05/09,2,12,3,2,1,24,1,3,121
111,392240,6,7,21/05/09,2,13,6,1,2,4,1,6,41
112,392241,2,8,21/05/09,2,13,2,2,1,12,1,2,96
113,392242,6,8,22/05/09,2,13,8,1,2,6,1,8,53
114,392243,2,3,23/05/09,2,15,2,1,2,6,1,2,96
115,392244,2,8,24/05/09,2,15,2,1,1,6,1,8,124
116,419111,8,1,12/03/10,3,9,8,1,1,11,1,1,191
117,419112,7,5,13/03/10,3,18,7,2,1,4,1,7,31
118,419113,4,6,13/03/10,3,2,6,1,2,5,1,6,40
119,419114,1,2,14/03/10,3,5,1,1,2,7,1,1,87
120,419115,3,8,14/03/10,3,8,8,2,1,31,1,8,60
121,419116,5,6,15/03/10,3,19,6,1,2,6,1,6,41
122,419117,2,4,16/03/10,3,1,4,2,2,8,1,2,9
123,419118,1,3,16/03/10,3,5,3,2,1,55,1,3,20
124,419119,6,7,17/03/10,3,3,6,1,1,98,1,7,133
125,419120,2,5,18/03/10,3,1,2,1,2,10,1,2,9
126,419121,6,3,19/03/10,3,3,6,2,2,5,1,3,18
127,419122,8,4,19/03/10,3,20,4,1,1,6,1,8,56
128,419123,5,1,20/03/10,3,19,5,2,1,34,1,5,211
129,419124,7,2,20/03/10,3,18,7,2,2,7,1,2,9
130,419125,8,6,21/03/10,3,20,8,2,1,10,1,8,56
131,419126,3,4,21/03/10,3,8,3,1,4,,3,4,233
132,419127,7,1,22/03/10,3,18,1,2,2,7,1,7,133
133,419128,2,3,23/03/10,3,1,3,1,1,36,1,2,46
134,419129,4,5,24/03/10,3,2,4,1,1,31,1,5,230
135,419130,7,3,25/03/10,3,18,7,1,2,5,1,7,133
136,419131,5,8,26/03/10,3,19,8,2,2,8,1,5,31
137,419132,4,1,27/03/10,3,2,1,2,1,39,1,1,87
138,419133,2,6,25/03/10,3,1,2,1,1,17,1,6,237
139,419134,5,3,28/03/10,3,19,5,2,1,17,1,5,183
140,419135,8,7,28/03/10,3,9,8,1,1,41,1,7,50
141,419136,6,1,29/03/10,3,3,6,2,1,40,1,6,187
142,419137,7,4,30/03/10,3,18,7,1,2,4,1,7,194
143,419138,3,2,31/03/10,3,8,2,2,2,5,1,3,185
144,419139,6,5,31/03/10,3,3,6,2,1,67,1,6,88
145,419140,1,8,01/04/10,3,5,1,2,1,24,1,1,1
146,419141,4,2,02/04/10,3,2,4,2,2,6,1,2,158
147,419142,3,5,03/04/10,3,8,3,2,1,23,1,3,185
148,419143,7,8,03/04/10,3,18,7,2,1,63,1,7,208
149,419144,1,4,04/04/10,3,5,1,2,2,8,1,4,64
150,419145,6,2,04/04/10,3,3,6,2,1,37,1,6,241
151,419146,8,5,05/04/10,3,21,5,2,1,2,1,5,38
152,419147,3,7,06/04/10,3,8,3,2,1,24,1,3,21
153,419148,5,4,07/04/10,3,6,4,2,2,9,1,5,224
154,419149,1,6,07/04/10,3,5,1,2,1,14,1,1,1
155,419150,2,8,08/04/10,3,1,8,1,2,7,1,8,178
156,419151,4,7,09/04/10,3,2,7,2,2,6,1,4,26
157,419152,8,3,10/04/10,3,21,3,2,2,6,1,8,188
158,419153,2,1,10/04/10,3,1,2,1,2,7,1,2,81
159,419154,6,4,11/04/10,3,3,6,2,2,7,1,4,67
160,419155,5,7,11/04/10,3,6,5,1,1,37,1,7,133
161,419156,8,2,12/04/10,3,21,2,1,1,13,1,8,256
162,419157,7,6,13/04/10,3,18,7,2,1,39,1,7,221
163,419158,3,1,13/04/10,3,8,1,2,2,9,1,3,201
164,419159,5,2,14/04/10,3,6,5,2,2,5,1,2,158
165,419160,3,6,15/04/10,3,8,3,2,2,6,1,6,40
166,419161,4,8,16/04/10,3,22,8,1,2,5,1,8,57
167,419162,2,7,17/04/10,3,1,2,1,1,57,1,7,210
168,419163,1,5,17/04/10,3,5,5,2,2,8,1,1,346
169,419164,4,3,18/04/10,3,22,3,1,2,6,1,3,20
170,419165,6,8,18/04/10,3,3,8,2,1,11,1,8,56
171,419166,1,7,19/04/10,3,5,7,2,2,9,1,1,83
172,419167,2,7,21/04/10,3,9,7,2,1,35,1,7,221
173,419168,3,8,22/04/10,3,9,3,2,1,38,1,3,248
174,419169,2,8,24/04/10,3,9,8,2,2,9,1,2,124
175,419170,3,7,25/04/10,3,9,3,2,1,22,1,3,21
176,501203,3,1,08/04/11,4,8,3,2,1,2,1,3,125
177,501204,8,5,09/04/11,4,7,5,1,2,8,1,5,39
178,501205,9,2,09/04/11,4,23,9,2,2,6,1,2,110
179,501206,6,7,10/04/11,4,3,6,2,2,8,1,7,194
180,501207,10,4,10/04/11,4,9,4,2,2,7,1,10,273
181,501208,1,8,11/04/11,4,5,1,2,1,9,1,1,9
182,501209,5,6,12/04/11,4,6,6,2,2,6,1,5,38
183,501210,2,7,12/04/11,4,1,7,1,2,9,1,7,133
184,501211,4,3,13/04/11,4,2,4,1,2,6,1,4,167
185,501212,10,9,13/04/11,4,9,9,2,2,4,1,10,231
186,501213,8,2,14/04/11,4,7,2,1,1,33,1,8,94
187,501214,5,1,15/04/11,4,6,1,1,2,9,1,1,40
188,501215,7,9,15/04/11,4,4,9,1,2,8,1,9,2
189,501216,3,2,16/04/11,4,8,3,2,1,21,1,3,19
190,501217,8,4,16/04/11,4,7,4,1,2,8,1,4,167
191,501218,10,6,17/04/11,4,9,6,1,2,3,1,6,27
192,501219,1,5,17/04/11,4,5,1,1,2,8,1,1,151
193,501220,9,3,18/04/11,4,23,9,1,2,7,1,9,2
194,501221,6,8,19/04/11,4,3,8,2,1,16,1,8,65
195,501223,7,10,20/04/11,4,4,10,2,2,7,1,7,126
196,501224,1,9,20/04/11,4,5,1,1,1,6,1,9,64
197,501225,4,5,21/04/11,4,2,5,1,1,48,1,4,100
198,501226,7,3,22/04/11,4,4,3,1,1,8,1,7,50
199,501227,1,2,22/04/11,4,5,2,1,2,9,1,2,162
200,501228,6,4,23/04/11,4,3,4,1,1,29,1,6,187
201,501229,8,7,24/04/11,4,7,8,1,1,37,1,7,194
202,501230,5,9,24/04/11,4,6,5,1,2,8,1,5,38
203,501231,3,10,25/04/11,4,8,10,1,1,25,1,3,19
204,501232,6,2,26/04/11,4,3,2,1,2,3,1,2,8
205,501233,10,3,27/04/11,4,9,10,2,2,8,1,3,248
206,501234,9,8,27/04/11,4,23,9,1,1,55,1,8,84
207,501235,6,1,28/04/11,4,3,6,1,1,17,1,1,87
208,501236,5,7,29/04/11,4,6,5,1,2,7,1,5,192
209,501237,2,10,29/04/11,4,1,10,1,1,26,1,2,8
210,501238,9,6,30/04/11,4,23,6,2,1,38,1,6,41
211,501239,1,4,30/04/11,4,5,1,1,2,8,1,1,140
212,501240,5,10,01/05/11,4,6,5,1,2,6,1,5,52
213,501241,3,8,01/05/11,4,8,3,2,1,19,1,3,109
214,501242,7,4,02/05/11,4,4,4,1,1,23,1,7,221
215,501243,6,9,02/05/11,4,3,9,1,2,7,1,9,294
216,501244,8,1,03/05/11,4,7,8,1,1,20,1,1,31
217,501245,3,5,04/05/11,4,8,5,2,2,8,1,3,19
218,501246,10,7,04/05/11,4,9,10,1,1,21,1,7,235
219,501247,9,1,05/05/11,4,23,1,1,1,17,1,9,104
220,501248,8,6,05/05/11,4,7,6,1,2,4,1,6,41
221,501249,2,4,06/05/11,4,1,4,1,1,85,1,2,162
222,501250,1,3,07/05/11,4,5,3,2,1,10,1,1,140
223,501251,7,6,07/05/11,4,4,6,1,1,32,1,7,208
224,501252,2,9,08/05/11,4,1,9,2,2,9,1,2,162
225,501253,4,10,08/05/11,4,2,4,2,2,5,1,10,235
226,501254,5,3,09/05/11,4,6,5,1,1,63,1,3,185
227,501255,8,10,10/05/11,4,7,8,2,2,6,1,10,253
228,501256,4,7,10/05/11,4,2,7,1,1,76,1,4,302
229,501257,5,2,11/05/11,4,6,2,1,2,9,1,2,270
230,501258,3,6,12/05/11,4,8,3,2,1,18,1,3,20
231,501259,9,4,13/05/11,4,24,4,1,2,6,1,4,88
232,501260,2,1,14/05/11,4,1,2,1,2,4,1,2,162
233,501261,7,8,14/05/11,4,4,8,2,1,10,1,8,136
234,501262,4,6,15/05/11,4,22,6,1,1,29,1,4,67
235,501263,9,5,15/05/11,4,24,9,1,2,8,1,9,104
236,501264,10,8,16/05/11,4,9,8,1,2,6,1,8,136
237,501265,4,2,17/05/11,4,22,4,2,1,111,1,4,53
238,501266,3,9,18/05/11,4,8,3,2,1,11,1,3,62
239,501267,10,1,19/05/11,4,9,1,1,2,7,1,1,31
240,501268,7,5,20/05/11,4,4,7,2,2,10,1,5,32
241,501269,4,8,21/05/11,4,22,4,1,1,82,1,8,42
242,501270,6,10,21/05/11,4,3,6,2,3,,2,,
243,501271,2,3,22/05/11,4,1,2,1,2,8,1,2,162
244,501272,1,7,22/05/11,4,5,7,1,2,5,1,7,275
245,501273,2,3,24/05/11,4,4,3,1,2,6,1,3,21
246,501274,7,1,25/05/11,4,4,7,1,2,4,1,7,126
247,501275,2,7,27/05/11,4,8,7,1,1,43,1,2,162
248,501276,3,2,28/05/11,4,8,3,2,1,58,1,3,185
249,548311,3,7,04/04/12,5,8,7,1,2,8,1,7,304
250,548312,1,6,05/04/12,5,5,6,1,2,8,1,6,29
251,548313,7,10,06/04/12,5,4,7,1,1,28,1,10,306
252,548314,5,4,06/04/12,5,6,4,1,1,31,1,5,85
253,548315,2,6,07/04/12,5,1,6,1,1,20,1,2,110
254,548316,8,3,07/04/12,5,25,8,1,1,74,1,3,35
255,548317,5,1,08/04/12,5,6,1,1,1,22,1,5,104
256,548318,10,4,08/04/12,5,26,10,2,1,22,1,10,307
257,548319,8,7,09/04/12,5,25,8,2,2,5,1,7,57
258,548320,2,1,10/04/12,5,1,2,1,1,42,1,1,151
259,548321,6,3,10/04/12,5,3,6,1,2,8,1,6,190
260,548322,7,5,11/04/12,5,4,5,1,1,27,1,7,221
261,548323,3,2,12/04/12,5,8,2,2,2,5,1,3,303
262,548324,4,10,12/04/12,5,2,4,1,2,7,1,4,137
263,548325,1,5,13/04/12,5,5,5,2,2,5,1,1,276
264,548326,6,8,19/04/12,5,3,8,2,2,5,1,6,158
265,548327,10,3,14/04/12,5,26,3,2,2,7,1,10,157
266,548328,1,4,15/04/12,5,5,1,1,1,2,1,4,315
267,548329,2,5,15/04/12,5,1,5,2,1,59,1,5,85
268,548330,7,6,16/04/12,5,4,6,1,2,7,1,6,293
269,548331,5,8,17/04/12,5,6,8,2,2,5,1,5,104
270,548332,2,10,17/04/12,5,1,10,2,2,6,1,2,162
271,548333,4,1,18/04/12,5,2,4,2,2,8,1,1,40
272,548334,8,6,10/05/12,5,7,8,2,2,9,1,6,187
273,548335,3,10,19/04/12,5,8,10,1,1,13,1,3,324
274,548336,4,2,20/04/12,5,2,2,1,2,5,1,2,162
275,548337,3,5,21/04/12,5,8,5,2,2,7,1,3,303
276,548338,6,10,21/04/12,5,3,6,1,1,20,1,10,1
277,548339,7,4,22/04/12,5,4,7,2,2,6,1,4,100
278,548340,8,1,22/04/12,5,20,1,1,2,5,1,1,66
279,548341,5,2,23/04/12,5,6,5,1,1,46,1,2,110
280,548342,10,6,24/04/12,5,26,10,2,2,8,1,6,41
281,548344,4,7,25/04/12,5,2,4,2,2,4,1,7,208
282,548346,10,8,26/04/12,5,26,8,2,1,18,1,8,10
283,548347,6,7,27/04/12,5,3,7,1,1,37,1,6,41
284,548348,3,4,28/04/12,5,8,4,2,1,7,1,4,236
285,548349,1,2,28/04/12,5,5,1,2,1,47,1,1,40
286,548350,6,5,29/04/12,5,3,6,2,1,1,1,6,41
287,548351,7,8,29/04/12,5,4,7,1,2,5,1,7,94
288,548352,3,1,30/04/12,5,8,3,2,2,5,1,1,40
289,548353,8,10,01/05/12,5,20,8,2,1,13,1,8,26
290,548354,5,6,01/05/12,5,6,5,2,2,6,1,6,322
291,548355,2,4,02/05/12,5,1,4,1,2,4,1,4,321
292,548356,10,7,03/05/12,5,26,7,2,1,1,1,7,194
293,548357,3,8,04/05/12,5,8,3,2,1,10,1,3,21
294,548358,1,10,05/05/12,5,5,1,2,1,7,1,1,315
295,548359,4,5,05/05/12,5,2,5,2,1,43,1,5,32
296,548360,7,3,06/05/12,5,4,7,1,2,2,1,7,147
297,548361,2,8,06/05/12,5,1,2,1,2,5,1,2,110
298,548362,6,1,07/05/12,5,3,6,2,2,6,1,1,9
299,548363,10,5,08/05/12,5,26,10,2,2,7,1,5,32
300,548364,8,4,08/05/12,5,7,8,1,1,25,1,4,236
301,548365,7,2,09/05/12,5,4,2,1,2,9,1,2,162
302,548366,5,3,10/05/12,5,6,3,1,2,4,1,3,451
303,548367,10,2,11/05/12,5,26,10,1,1,35,1,2,162
304,548368,1,7,12/05/12,5,5,7,2,1,27,1,7,57
305,548369,3,6,12/05/12,5,8,3,1,2,9,1,3,451
306,548370,5,10,13/05/12,5,6,5,2,1,45,1,5,335
307,548371,4,8,13/05/12,5,2,8,2,2,4,1,4,4
308,548372,2,7,14/05/12,5,1,7,1,2,5,1,7,208
309,548373,1,3,14/05/12,5,5,3,1,2,5,1,3,19
310,548374,6,4,15/05/12,5,3,4,2,2,5,1,6,232
311,548375,7,1,16/05/12,5,4,7,1,1,32,1,1,315
312,548376,4,3,17/05/12,5,22,4,1,2,6,1,4,53
313,548377,6,2,17/05/12,5,3,6,1,1,21,1,2,162
314,548378,8,5,18/05/12,5,7,5,2,2,5,1,8,94
315,548379,4,6,19/05/12,5,22,6,1,2,6,1,6,232
316,548380,10,1,19/05/12,5,26,1,2,1,34,1,1,276
317,548381,8,2,20/05/12,5,7,2,1,1,9,1,8,94
318,548382,5,7,20/05/12,5,6,5,2,2,10,1,7,147
319,548383,6,1,22/05/12,5,26,1,2,1,18,1,1,31
320,548384,3,7,23/05/12,5,1,7,1,1,38,1,3,20
321,548385,6,3,25/05/12,5,8,6,1,1,86,1,3,185
322,548386,1,3,27/05/12,5,8,3,2,2,5,1,1,214
323,598003,1,6,03/04/13,6,5,1,1,2,6,1,1,315
324,598004,2,7,04/04/13,6,1,7,1,1,2,1,2,162
325,598005,11,10,05/04/13,6,7,10,1,1,22,1,11,136
326,598006,6,5,06/04/13,6,3,5,2,1,5,1,5,6
327,598007,3,7,06/04/13,6,8,7,2,1,9,1,7,221
328,598008,10,4,07/04/13,6,26,10,2,2,8,1,4,345
329,598009,11,2,07/04/13,6,7,2,2,4,,3,11,340
330,598010,5,1,08/04/13,6,6,1,1,1,19,1,5,39
331,598011,7,6,09/04/13,6,4,7,2,1,44,1,7,88
332,598012,4,3,10/04/13,6,2,3,1,2,10,1,3,19
333,598013,2,1,11/04/13,6,1,2,1,2,8,1,2,162
334,598014,10,5,11/04/13,6,26,5,2,2,7,1,10,254
335,598015,6,11,12/04/13,6,3,6,2,2,3,1,11,136
336,598016,7,10,13/04/13,6,4,7,2,1,41,1,7,57
337,598017,3,2,13/04/13,6,8,3,1,2,4,1,3,35
338,598018,1,11,14/04/13,6,5,1,2,1,48,1,1,40
339,598019,5,4,14/04/13,6,6,5,1,2,6,1,5,310
340,598020,3,10,15/04/13,6,8,10,2,1,24,1,10,306
341,598021,4,1,16/04/13,6,2,1,1,1,4,1,4,120
342,598022,2,6,16/04/13,6,1,2,1,4,,3,2,8
343,598023,10,11,17/04/13,6,26,10,1,1,11,1,11,136
344,598024,5,7,17/04/13,6,6,5,2,1,87,1,5,85
345,598025,6,3,18/04/13,6,3,3,2,1,86,1,3,19
346,598026,11,4,19/04/13,6,7,4,2,2,5,1,11,340
347,598027,1,3,20/04/13,6,5,1,2,2,4,1,3,35
348,598028,2,5,20/04/13,6,1,2,1,2,7,1,2,81
349,598029,6,7,21/04/13,6,3,7,2,2,9,1,6,41
350,598030,4,10,21/04/13,6,2,4,1,2,7,1,4,320
351,598031,3,5,22/04/13,6,8,5,2,2,5,1,3,19
352,598032,2,10,23/04/13,6,1,10,1,1,130,1,2,162
353,598033,4,6,16/05/13,6,22,6,1,1,7,1,4,320
354,598034,1,7,24/04/13,6,5,1,2,2,5,1,7,147
355,598035,3,11,25/04/13,6,8,11,2,2,5,1,3,20
356,598036,1,4,26/04/13,6,5,4,2,2,6,1,1,9
357,598037,5,11,27/04/13,6,6,11,2,2,8,1,5,310
358,598038,7,2,27/04/13,6,4,7,2,1,58,1,7,147
359,598039,3,1,28/04/13,6,8,1,1,1,14,1,3,19
360,598040,6,10,28/04/13,6,27,10,1,1,15,1,6,187
361,598041,5,2,29/04/13,6,6,5,1,2,4,1,5,351
362,598042,7,4,29/04/13,6,4,7,2,1,4,1,7,57
363,598043,10,3,30/04/13,6,26,3,2,1,37,1,3,20
364,598044,11,7,01/05/13,6,7,7,2,2,7,1,11,84
365,598045,6,1,01/05/13,6,27,1,2,2,7,1,6,187
366,598046,3,4,02/05/13,6,8,3,2,1,15,1,3,21
367,598047,10,2,02/05/13,6,26,2,2,1,17,1,2,110
368,598048,1,5,03/05/13,6,5,5,2,2,8,1,1,31
369,598049,11,6,04/05/13,6,7,6,2,2,6,1,11,362
370,598050,2,4,14/05/13,6,1,4,1,2,7,1,4,53
371,598051,7,3,05/05/13,6,4,7,2,1,60,1,7,357
372,598052,5,10,05/05/13,6,6,10,2,2,5,1,5,85
373,598053,2,11,09/04/13,6,1,11,2,2,7,1,2,8
374,598054,5,6,07/05/13,6,6,6,2,2,9,1,5,85
375,598055,7,1,07/05/13,6,4,7,2,1,65,1,7,133
376,598056,11,3,08/05/13,6,7,11,1,1,77,1,3,21
377,598057,4,5,09/05/13,6,2,5,1,2,8,1,5,309
378,598058,10,1,09/05/13,6,26,1,2,1,46,1,1,40
379,598059,6,2,10/05/13,6,3,6,1,1,4,1,2,346
380,598060,10,7,11/05/13,6,26,10,2,2,5,1,7,357
381,598061,4,11,11/05/13,6,2,4,1,1,30,1,11,17
382,598062,1,2,12/05/13,6,28,1,1,2,5,1,1,9
383,598063,5,3,12/05/13,6,6,5,1,2,5,1,5,32
384,598064,6,4,23/04/13,6,3,4,1,2,5,1,4,256
385,598065,7,11,13/05/13,6,4,11,2,2,7,1,7,221
386,598066,1,10,15/05/13,6,28,1,1,1,7,1,10,96
387,598067,3,6,14/05/13,6,8,3,2,1,33,1,3,20
388,598068,7,5,15/05/13,6,4,5,1,1,14,1,7,207
389,598069,4,2,06/05/13,6,2,4,1,2,6,1,4,320
390,598070,11,5,17/05/13,6,7,11,2,1,23,1,11,136
391,598071,4,7,18/05/13,6,22,7,1,1,50,1,4,321
392,598072,10,6,19/05/13,6,26,10,2,1,38,1,10,358
393,598073,2,3,18/05/13,6,1,3,1,1,24,1,2,8
394,598074,11,1,19/05/13,6,7,1,2,2,5,1,11,17
395,598075,3,7,21/05/13,6,3,3,2,1,48,1,3,19
396,598076,5,11,22/05/13,6,3,11,2,2,4,1,5,104
397,598077,7,5,24/05/13,6,5,5,2,2,4,1,7,50
398,598078,3,7,26/05/13,6,5,7,2,1,23,1,7,221
399,729284,7,1,16/04/14,7,29,1,2,1,41,1,1,9
400,729286,6,2,17/04/14,7,30,2,1,2,8,1,2,382
401,729288,3,4,18/04/14,7,29,3,2,2,6,1,4,305
402,729290,11,5,18/04/14,7,29,5,1,2,4,1,5,85
403,729292,2,7,19/04/14,7,31,2,1,2,7,1,2,17
404,729294,1,6,19/04/14,7,31,1,2,2,4,1,6,154
405,729296,5,4,20/04/14,7,30,4,1,2,7,1,4,305
406,729298,3,6,21/04/14,7,29,3,2,1,93,1,3,21
407,729300,4,11,22/04/14,7,30,11,1,1,72,1,4,305
408,729302,5,3,23/04/14,7,31,5,1,1,7,1,3,35
409,729304,2,1,24/04/14,7,30,2,1,1,2,1,1,336
410,729306,11,6,25/04/14,7,31,11,2,1,4,1,11,254
411,729308,3,7,25/04/14,7,31,7,2,2,7,1,3,364
412,729310,5,2,26/04/14,7,29,5,1,2,6,1,5,370
413,729312,1,4,26/04/14,7,29,1,1,1,23,1,4,367
414,729314,6,7,27/04/14,7,30,7,2,2,6,1,6,185
415,729316,11,3,27/04/14,7,30,11,2,2,5,1,3,147
416,729318,4,2,28/04/14,7,31,4,1,2,5,1,4,367
417,729320,1,5,29/04/14,7,29,5,2,4,,3,5,310
418,729322,7,11,30/04/14,7,31,7,1,1,15,1,11,299
419,733976,3,1,02/05/14,7,28,3,2,1,34,1,3,35
420,733978,7,4,03/05/14,7,4,4,2,2,5,1,7,372
421,733980,6,5,03/05/14,7,3,5,1,2,7,1,5,339
422,733982,2,11,04/05/14,7,1,2,1,2,4,1,2,110
423,733984,5,1,05/05/14,7,19,1,1,1,10,1,5,370
424,733986,6,3,05/05/14,7,3,3,1,2,8,1,3,147
425,733988,7,2,06/05/14,7,4,2,1,1,19,1,7,57
426,733990,6,1,07/05/14,7,3,6,2,2,8,1,1,40
427,733992,4,3,07/05/14,7,20,3,1,1,44,1,4,305
428,733994,5,11,08/05/14,7,19,5,1,1,32,1,11,299
429,733996,2,4,09/05/14,7,1,2,1,1,32,1,4,367
430,733998,6,11,10/05/14,7,3,11,1,2,8,1,11,94
431,734000,7,3,10/05/14,7,4,3,1,2,4,1,3,147
432,734002,4,1,11/05/14,7,20,1,1,2,9,1,1,40
433,734004,2,5,11/05/14,7,1,2,2,2,5,1,5,310
434,734006,11,7,12/05/14,7,7,11,2,2,7,1,7,208
435,734008,3,5,13/05/14,7,28,5,2,2,5,1,3,35
436,734010,2,6,13/05/14,7,1,6,1,1,16,1,2,27
437,734012,11,4,14/05/14,7,7,4,1,2,6,1,4,62
438,734014,1,7,14/05/14,7,20,1,1,2,6,1,1,46
439,734016,5,6,15/05/14,7,19,6,1,1,62,1,5,85
440,734018,3,2,18/05/14,7,28,3,2,2,5,1,2,110
441,734020,11,1,18/05/14,7,7,11,2,2,7,1,1,232
442,734022,5,7,19/05/14,7,19,7,2,1,25,1,7,19
443,734024,6,4,19/05/14,7,3,4,1,2,4,1,4,374
444,734026,11,2,20/05/14,7,7,2,2,2,7,1,11,187
445,734028,1,3,20/05/14,7,5,1,1,2,8,1,1,46
446,734030,4,7,21/05/14,7,2,7,1,2,7,1,7,383
447,734032,1,2,22/05/14,7,5,2,1,1,30,1,1,46
448,734034,3,11,22/05/14,7,28,11,1,2,6,1,11,187
449,734036,7,6,23/05/14,7,4,6,1,1,15,1,7,19
450,734038,4,5,23/05/14,7,2,5,1,1,16,1,4,100
451,734040,2,3,24/05/14,7,1,3,1,2,8,1,3,20
452,734042,1,11,24/05/14,7,5,1,1,2,4,1,1,31
453,734044,4,6,25/05/14,7,2,4,1,2,7,1,4,345
454,734046,7,5,25/05/14,7,4,7,1,2,5,1,7,372
455,734048,4,1,27/05/14,7,5,4,1,1,28,1,1,232
456,734050,3,7,28/05/14,7,18,3,1,2,7,1,3,21
457,734052,3,4,30/05/14,7,4,3,1,1,24,1,4,41
458,734054,1,4,01/06/14,7,1,1,1,2,3,1,1,96
459,829710,1,7,08/04/15,8,5,1,1,2,7,1,1,190
460,829712,3,6,09/04/15,8,8,6,1,1,1,1,3,73
461,829714,4,5,10/04/15,8,32,4,1,1,26,1,5,310
462,829716,3,11,11/04/15,8,8,3,2,1,45,1,3,2
463,829718,1,2,11/04/15,8,5,2,1,2,3,1,2,162
464,829720,6,5,12/04/15,8,3,5,1,2,3,1,5,394
465,829722,7,4,12/04/15,8,4,7,1,1,18,1,4,197
466,829724,2,11,13/04/15,8,1,11,1,2,8,1,11,187
467,829726,5,7,14/04/15,8,19,7,2,2,7,1,5,306
468,829728,1,3,30/04/15,8,5,1,1,2,7,1,1,334
469,829730,4,6,15/04/15,8,32,4,2,2,5,1,6,260
470,829732,11,5,16/04/15,8,25,5,1,2,6,1,5,85
471,829734,7,3,17/04/15,8,4,7,2,2,6,1,3,73
472,829736,11,6,18/04/15,8,25,6,2,1,4,1,6,154
473,829738,4,1,18/04/15,8,32,1,1,2,4,1,1,334
474,829740,5,3,19/04/15,8,19,3,2,2,8,1,5,85
475,829742,2,7,19/04/15,8,1,2,1,1,18,1,7,50
476,829744,6,1,20/04/15,8,3,1,1,2,6,1,1,232
477,829746,5,4,21/04/15,8,19,4,1,4,,3,4,100
478,829748,11,1,22/04/15,8,25,1,1,1,16,1,11,187
479,829750,2,3,22/04/15,8,1,2,1,1,27,1,3,21
480,829752,6,7,23/04/15,8,3,7,1,1,37,1,6,393
481,829754,5,2,24/04/15,8,19,2,1,2,9,1,2,378
482,829756,7,11,25/04/15,8,4,7,2,1,20,1,7,194
483,829758,3,4,25/04/15,8,8,3,2,1,97,1,3,2
484,829762,6,2,26/04/15,8,3,2,1,2,10,1,2,296
485,829764,4,11,27/04/15,8,2,4,1,1,20,1,11,458
486,829766,1,6,07/05/15,8,5,1,2,1,13,1,1,67
487,829768,2,5,29/04/15,8,1,5,1,3,,2,,
488,829770,3,1,28/04/15,8,8,1,1,1,2,1,3,71
489,829772,6,4,01/05/15,8,3,6,1,2,9,1,6,371
490,829774,7,5,01/05/15,8,4,5,1,1,8,1,7,208
491,829776,2,1,02/05/15,8,1,2,1,2,7,1,2,236
492,829778,11,3,02/05/15,8,7,3,1,1,22,1,11,187
493,829780,4,7,03/05/15,8,2,7,2,1,23,1,7,383
494,829782,5,6,03/05/15,8,18,6,1,1,14,1,5,85
495,829784,3,2,04/05/15,8,8,3,2,1,24,1,3,21
496,829786,1,11,04/05/15,8,5,11,1,1,35,1,1,232
497,829788,7,6,05/05/15,8,4,6,2,2,5,1,7,50
498,829790,2,4,06/05/15,8,1,4,1,1,138,1,2,162
499,829792,5,11,07/05/15,8,18,5,1,1,7,1,11,216
500,829794,3,7,08/05/15,8,8,3,2,2,6,1,7,400
501,829796,1,4,09/05/15,8,5,4,2,2,1,1,1,334
502,829798,6,11,09/05/15,8,27,11,2,1,6,1,11,163
503,829800,7,2,10/05/15,8,4,2,2,1,39,1,2,110
504,829802,3,5,10/05/15,8,8,3,2,1,12,1,3,35
505,829804,11,4,11/05/15,8,7,11,2,1,5,1,11,187
506,829806,6,3,12/05/15,8,27,3,2,2,6,1,6,15
507,829808,4,2,13/05/15,8,2,2,1,1,22,1,4,374
508,829810,7,1,14/05/15,8,4,1,1,1,5,1,7,400
509,829812,11,2,15/05/15,8,7,11,2,2,6,1,2,8
510,829814,4,3,16/05/15,8,2,4,2,2,7,1,3,322
511,829816,5,1,16/05/15,8,18,5,2,1,9,1,5,32
512,829818,2,6,17/05/15,8,1,2,1,3,,2,,
513,829820,11,7,17/05/15,8,7,11,2,2,9,1,7,403
514,829822,3,7,19/05/15,8,4,7,2,1,25,1,7,221
515,829824,2,5,20/05/15,8,32,2,2,1,71,1,2,110
516,829826,3,2,22/05/15,8,28,3,1,2,3,1,3,73
517,829828,7,3,24/05/15,8,5,3,1,1,41,1,7,57
518,980906,7,12,09/04/16,9,4,7,2,2,9,1,12,85
519,980908,1,6,10/04/16,9,5,1,1,2,9,1,1,334
520,980910,4,13,11/04/16,9,33,13,1,2,5,1,13,254
521,980912,2,11,12/04/16,9,1,11,1,1,45,1,2,110
522,980914,1,7,13/04/16,9,5,7,1,2,6,1,7,57
523,980916,13,12,14/04/16,9,34,12,2,2,7,1,13,254
524,980918,6,4,15/04/16,9,3,6,1,2,8,1,6,136
525,980920,11,1,16/04/16,9,7,11,2,2,8,1,1,40
526,980922,7,13,16/04/16,9,4,13,1,2,3,1,13,254
527,980924,4,12,17/04/16,9,33,12,2,2,6,1,4,345
528,980926,2,6,17/04/16,9,1,6,1,2,7,1,6,355
529,980928,11,7,18/04/16,9,7,11,1,2,7,1,11,187
530,980930,4,1,19/04/16,9,33,1,1,2,6,1,1,46
531,980932,7,2,20/04/16,9,4,7,1,2,6,1,7,57
532,980934,13,11,21/04/16,9,34,11,1,2,10,1,11,299
533,980936,12,2,22/04/16,9,32,12,1,1,13,1,2,110
534,980938,6,7,23/04/16,9,3,7,1,1,10,1,6,351
535,980940,11,4,23/04/16,9,7,11,1,2,5,1,11,460
536,980942,13,2,24/04/16,9,34,2,2,2,6,1,13,8
537,980944,12,1,24/04/16,9,32,1,1,2,2,1,1,308
538,980946,4,7,25/04/16,9,33,4,1,1,25,1,7,17
539,980948,11,12,26/04/16,9,7,12,1,1,34,1,12,106
540,980950,6,13,27/04/16,9,3,6,1,1,1,1,13,350
541,980952,7,1,28/04/16,9,4,7,1,2,6,1,7,57
542,980954,12,13,29/04/16,9,32,13,1,2,3,1,13,147
543,980956,6,1,30/04/16,9,3,1,1,1,27,1,6,408
544,980958,11,2,30/04/16,9,7,2,1,1,15,1,11,187
545,980960,13,4,01/05/16,9,34,13,1,1,23,1,4,374
546,980962,12,7,01/05/16,9,32,7,1,2,8,1,7,57
547,980964,2,1,02/05/16,9,1,1,1,2,5,1,1,334
548,980966,13,6,03/05/16,9,34,6,1,2,8,1,6,420
549,980968,1,4,04/05/16,9,5,4,1,1,7,1,1,334
550,980970,6,12,05/05/16,9,3,12,1,2,7,1,12,85
551,980972,11,13,06/05/16,9,7,11,1,2,5,1,11,299
552,980974,2,12,07/05/16,9,1,2,1,2,7,1,2,8
553,980976,4,6,07/05/16,9,33,6,1,1,9,1,4,409
554,980978,7,11,08/05/16,9,25,7,1,1,85,1,11,73
555,980980,1,13,08/05/16,9,5,13,1,2,5,1,13,14
556,980982,4,2,09/05/16,9,33,4,1,1,1,1,2,32
557,980984,12,11,10/05/16,9,25,11,2,1,4,1,11,430
558,980986,2,7,11/05/16,9,1,7,1,2,6,1,7,413
559,980988,11,6,12/05/16,9,7,6,1,2,7,1,6,350
560,980990,7,4,13/05/16,9,25,7,2,2,7,1,4,409
561,980992,2,13,14/05/16,9,1,13,1,1,144,1,2,110
562,980994,1,12,14/05/16,9,5,12,2,2,8,1,1,31
563,980996,4,11,15/05/16,9,33,4,2,2,7,1,11,427
564,980998,7,6,15/05/16,9,25,6,1,1,80,1,7,413
565,981000,1,2,16/05/16,9,5,2,1,2,9,1,2,8
566,981002,12,6,17/05/16,9,25,12,1,1,19,1,12,106
567,981004,2,4,18/05/16,9,1,4,1,1,82,1,2,8
568,981006,13,1,19/05/16,9,35,13,1,2,6,1,13,147
569,981008,6,11,20/05/16,9,27,6,1,2,6,1,6,339
570,981010,12,4,21/05/16,9,25,4,2,2,4,1,12,20
571,981012,13,7,21/05/16,9,35,13,1,2,6,1,13,21
572,981014,1,11,22/05/16,9,5,11,1,1,22,1,1,31
573,981016,6,2,22/05/16,9,27,2,1,2,6,1,2,8
574,981018,13,2,24/05/16,9,1,2,1,2,4,1,2,110
575,981020,11,1,25/05/16,9,3,1,1,1,22,1,11,163
576,981022,13,11,27/05/16,9,3,11,1,2,4,1,11,187
577,981024,2,11,29/05/16,9,1,11,2,1,8,1,11,385